Jason Shannon Acuna,is,performer
Wee Man,is,performer
Jason Shannon Acuna,is,one
Wee Man,is,one
Philip Abbott,was,character actor
Bruce Paul Abbott,is,actor
Abbott,gained,notoriety
Rodolfo Perez Acosta,was,MexicanAmerican character actor
Jacob Allen Abel,is,actor
Jacob Allen Abel,is,singer
Walter Abel,was,actor
Jay Acovone,is,actor
Yousef AbuTaleb,is,actor
Yousef AbuTaleb,is,producer
Lee William Aaker,is,child actor
Willie Aames,is,director television producer
Willie Aames,is,screenwriter
Jensen Ross Ackles,is,actor
Jensen Ross Ackles,is,director
which,earned,Ackles
which,earned,Award nominations
Adam Keefe Horovitz,is,rapper guitarist
Adam Keefe Horovitz,is,actor
Christopher Jacob Abbott,is,actor
Alexander Bud Abbott,was,actor
Cent,is,television producer entrepreneur
Cent,is,investor
Born,began,selling
Murray Abraham October,is,actor
Kirk M. Acevedo,is,actor
Quinton Aaron,is,actor
Victor Aaron Ramirez,was,actor
Victor Aaron Ramirez,was,voice
Zachary Burr Abel,is,actor
Jon Avery Abrahams,is,actor
Jon Avery Abrahams,are,Bobby
Abbott,were,comedy duo
Costello,were,comedy duo
